Subject,Sequence,ML Score,MERCI Score (+ve),MERCI Score (-ve),Hybrid Score,Prediction,PPV
Seq_1,WGRESIKKLKKTEIKKWKKI,0.545,0,-0.5,0.045,Non-Toxin,0.0
Seq_2,NGWRKKLEKLKELYKWKKKI,0.53,0,-0.5,0.03,Non-Toxin,0.0
Seq_3,HARQTRIWKYLKKEIKKGKR,0.49,0,0.0,0.49,Toxin,0.484
Seq_4,KKYRDYYYTLPKKYIKWWIK,0.53,0,0.0,0.53,Toxin,0.536
Seq_5,QKKALYIRQYLKNEIKKGRK,0.485,0,0.0,0.485,Toxin,0.477
Seq_6,AGTEKIFQRLKKEIKKWKKR,0.46,0,0.0,0.46,Toxin,0.445
Seq_7,QWAQRIKAYLRREIRKRGRK,0.275,0,0.0,0.275,Non-Toxin,0.203
Seq_8,WLYKKYHYYFDKYIKKKGRW,0.495,0,0.0,0.495,Toxin,0.49
Seq_9,WGRQKIFQRLKKWIQEGKKI,0.47,0,-0.5,0.0,Non-Toxin,0.0
Seq_10,AGWQRIKAYLRREIRKRGRK,0.35,0,-0.5,0.0,Non-Toxin,0.0
Seq_11,EGWIWRWYQLRKKIQKKGEK,0.465,0,0.0,0.465,Toxin,0.451
